iter	Logloss
0	0.6353234197
1	0.5898311464
2	0.553678289
3	0.525987604
4	0.5044215978
5	0.4863789694
6	0.4721609977
7	0.4614469597
8	0.4527581334
9	0.4454626581
10	0.4392412645
11	0.4348524948
12	0.4302858324
13	0.4266879789
14	0.4238972199
15	0.4213669607
16	0.4196628897
17	0.4176042126
18	0.4158630302
19	0.4140964069
20	0.4130186368
21	0.4113517462
22	0.4104411374
