iter	Logloss
0	0.6533284185
1	0.6208549161
2	0.5972746041
3	0.5768325169
4	0.5614751287
5	0.5477718826
6	0.5370229326
7	0.528032105
8	0.520689261
9	0.5141788756
10	0.5085440757
11	0.5044869209
12	0.5003731749
13	0.4967141953
14	0.4942661238
15	0.4912082983
16	0.4884752313
17	0.486888245
18	0.484812647
