iter	Logloss
0	0.634618954
1	0.5880496922
2	0.5534019697
3	0.5258449996
4	0.5034660747
5	0.4864683395
6	0.4722204408
7	0.4610747758
8	0.4518296706
9	0.4445052332
10	0.4382826003
11	0.4335443958
12	0.4294079805
13	0.425275756
14	0.4228854557
15	0.4198467988
16	0.4168990223
17	0.4149776951
18	0.413364756
19	0.411661661
20	0.4107247841
21	0.4092319876
22	0.4080357035
