iter	Logloss
0	0.6428722172
1	0.6045581591
2	0.5740891319
3	0.5495420011
4	0.5283171629
5	0.5129871909
6	0.5001016588
7	0.489531938
8	0.48099716
9	0.474011374
10	0.4685701925
11	0.4638497871
12	0.4598000938
13	0.4553221508
14	0.4529232127
15	0.4505189661
16	0.4468128608
17	0.4446914357
18	0.442520722
