iter	Logloss
0	0.6885799094
1	0.6843196091
2	0.6801545968
3	0.676194381
4	0.6722834205
5	0.6682952564
6	0.6642245366
7	0.6604398431
8	0.6567800127
9	0.6531966654
10	0.6496508041
11	0.646108754
12	0.6428860976
13	0.639630516
14	0.6364756559
